First name,Last name,Job title,Associated company
Sarah,Chen,Chief Financial Officer,Northstar Manufacturing
Daniel,Cruz,IT Director,Northstar Manufacturing
Emma,Thompson,Director of Finance,Meridian Financial Group
Oliver,Bennett,Head of Data,Meridian Financial Group
Liam,Walker,Chief Operating Officer,Pacific Crest Logistics
Sophie,Martin,Digital Transformation Director,Solara Energy Solutions
Michael,Reed,VP Finance,BluePeak Healthcare
Rachel,Kim,Director of Analytics,BluePeak Healthcare
Ethan,Clark,Head of Technology,Vertex Retail Group
Amelia,Wright,Finance Director,Horizon Property Partners
Noah,Taylor,Chief Technology Officer,NovaTech Industries
Grace,Lee,Data Engineering Manager,NovaTech Industries