Deal name,Company Record ID,Company name,Amount,Pipeline,Deal stage,Close date,Service Type,Operational Project Number
Northstar Data Modernization,342704925401,Northstar Manufacturing,180000,Aurelia Sales Pipeline,Discovery,2026-10-30,Data & Analytics,
Northstar Finance Automation,342704925401,Northstar Manufacturing,95000,Aurelia Sales Pipeline,Proposal,2026-09-30,Digital Automation,
Meridian Cloud Transformation,342756350689,Meridian Financial Group,250000,Aurelia Sales Pipeline,Negotiation,2026-09-15,Cloud Transformation,
Pacific Crest Analytics Expansion,342773610204,Pacific Crest Logistics,120000,Aurelia Sales Pipeline,Closed Won,2026-07-15,Data & Analytics,PRJ-2026-021
Solara Operating Model Advisory,342704925400,Solara Energy Solutions,80000,Aurelia Sales Pipeline,Qualified,2026-11-15,Advisory,
BluePeak Reporting Platform,342862628555,BluePeak Healthcare,160000,Aurelia Sales Pipeline,Closed Won,2026-06-20,Data & Analytics,PRJ-2026-018
BluePeak Workflow Automation,342862628555,BluePeak Healthcare,70000,Aurelia Sales Pipeline,Proposal,2026-10-15,Digital Automation,
Vertex ERP Integration,342820434671,Vertex Retail Group,140000,Aurelia Sales Pipeline,Discovery,2026-11-30,Business Systems,
Horizon Finance Transformation,342855490265,Horizon Property Partners,110000,Aurelia Sales Pipeline,Closed Lost,2026-05-10,Advisory,
NovaTech Cloud Data Platform,342791473878,NovaTech Industries,300000,Aurelia Sales Pipeline,Negotiation,2026-09-25,Cloud Transformation,